{"assets/fonts/Rubik-Bold.ttf":["assets/fonts/Rubik-Bold.ttf"],"assets/fonts/Rubik-Light.ttf":["assets/fonts/Rubik-Light.ttf"],"assets/fonts/SHOMA.ttf":["assets/fonts/SHOMA.ttf"],"assets/fonts/sfmono.otf":["assets/fonts/sfmono.otf"],"assets/gifs/mouse.gif":["assets/gifs/mouse.gif"],"assets/pics/first_post_thumbnail.jpg":["assets/pics/first_post_thumbnail.jpg"],"assets/pics/licence_1.jpg":["assets/pics/licence_1.jpg"],"assets/pics/licence_2.jpg":["assets/pics/licence_2.jpg"],"assets/pics/post1_1st.png":["assets/pics/post1_1st.png"],"assets/pics/post2_2nd.png":["assets/pics/post2_2nd.png"],"assets/pics/post2_dimport.png":["assets/pics/post2_dimport.png"],"assets/pics/post2_import.png":["assets/pics/post2_import.png"],"assets/pics/public_ip_snippet.jpg":["assets/pics/public_ip_snippet.jpg"],"assets/pics/second_post_thumbnail.jpg":["assets/pics/second_post_thumbnail.jpg"],"assets/pics/soon_per.jpg":["assets/pics/soon_per.jpg"],"assets/rive/button.riv":["assets/rive/button.riv"],"assets/rive/mam.riv":["assets/rive/mam.riv"],"assets/rive/pup_hello.riv":["assets/rive/pup_hello.riv"],"assets/svg/appLogo.png":["assets/svg/appLogo.png"],"assets/svg/blob.svg":["assets/svg/blob.svg"],"assets/svg/externalLink.svg":["assets/svg/externalLink.svg"],"assets/svg/folder.svg":["assets/svg/folder.svg"],"assets/svg/github.svg":["assets/svg/github.svg"],"assets/svg/instagram.svg":["assets/svg/instagram.svg"],"assets/svg/linkedIn.svg":["assets/svg/linkedIn.svg"],"assets/svg/mam_logo.svg":["assets/svg/mam_logo.svg"],"assets/svg/me.png":["assets/svg/me.png"],"assets/svg/profilePic.jpg":["assets/svg/profilePic.jpg"],"assets/svg/stackoverflow.svg":["assets/svg/stackoverflow.svg"],"assets/svg/twitter.svg":["assets/svg/twitter.svg"],"packages/awesome_snackbar_content/assets/back.svg":["packages/awesome_snackbar_content/assets/back.svg"],"packages/awesome_snackbar_content/assets/bubbles.svg":["packages/awesome_snackbar_content/assets/bubbles.svg"],"packages/awesome_snackbar_content/assets/types/failure.svg":["packages/awesome_snackbar_content/assets/types/failure.svg"],"packages/awesome_snackbar_content/assets/types/help.svg":["packages/awesome_snackbar_content/assets/types/help.svg"],"packages/awesome_snackbar_content/assets/types/success.svg":["packages/awesome_snackbar_content/assets/types/success.svg"],"packages/awesome_snackbar_content/assets/types/warning.svg":["packages/awesome_snackbar_content/assets/types/warning.svg"],"packages/cupertino_icons/assets/CupertinoIcons.ttf":["packages/cupertino_icons/assets/CupertinoIcons.ttf"],"packages/flutter_devicon/fonts/FlutterDEVICON.ttf":["packages/flutter_devicon/fonts/FlutterDEVICON.ttf"],"packages/font_awesome_flutter/lib/fonts/fa-brands-400.ttf":["packages/font_awesome_flutter/lib/fonts/fa-brands-400.ttf"],"packages/font_awesome_flutter/lib/fonts/fa-regular-400.ttf":["packages/font_awesome_flutter/lib/fonts/fa-regular-400.ttf"],"packages/font_awesome_flutter/lib/fonts/fa-solid-900.ttf":["packages/font_awesome_flutter/lib/fonts/fa-solid-900.ttf"],"packages/lecle_bubble_timeline/assets/screenshot.png":["packages/lecle_bubble_timeline/assets/screenshot.png"]}