[{"family":"MaterialIcons","fonts":[{"asset":"fonts/MaterialIcons-Regular.otf"}]},{"family":"Lalezar","fonts":[{"asset":"assets/fonts/SHOMA.ttf"}]},{"family":"Rubik","fonts":[{"asset":"assets/fonts/Rubik-Bold.ttf"},{"asset":"assets/fonts/Rubik-Light.ttf"}]},{"family":"sfmono","fonts":[{"asset":"assets/fonts/sfmono.otf"}]},{"family":"packages/cupertino_icons/CupertinoIcons","fonts":[{"asset":"packages/cupertino_icons/assets/CupertinoIcons.ttf"}]},{"family":"packages/flutter_devicon/FlutterDEVICON","fonts":[{"asset":"packages/flutter_devicon/fonts/FlutterDEVICON.ttf"}]},{"family":"packages/font_awesome_flutter/FontAwesomeBrands","fonts":[{"weight":400,"asset":"packages/font_awesome_flutter/lib/fonts/fa-brands-400.ttf"}]},{"family":"packages/font_awesome_flutter/FontAwesomeRegular","fonts":[{"weight":400,"asset":"packages/font_awesome_flutter/lib/fonts/fa-regular-400.ttf"}]},{"family":"packages/font_awesome_flutter/FontAwesomeSolid","fonts":[{"weight":900,"asset":"packages/font_awesome_flutter/lib/fonts/fa-solid-900.ttf"}]}]